<?xml version="1.0" encoding="UTF-8"?>
<ti:module xmlns:ti="http://ti.appcelerator.org" xmlns:android="http://schemas.android.com/apk/res/android">
    <!--
        Similar to tiapp.xml, but contains module/platform specific
        configuration in <iphone> and <android> sections
    -->
    <iphone>
    </iphone>
    <android xmlns:android="http://schemas.android.com/apk/res/android">
        <tool-api-level>14</tool-api-level>
        <manifest>
            <application>
                <activity android:name="com.google.ads.AdActivity"
                          android:configChanges="keyboard|keyboardHidden|orientation|screenLayout|uiMode|screenSize|smallestScreenSize"/>
            </application>
            <uses-permission android:name="android.permission.INTERNET"/>
            <uses-permission android:name="android.permission.ACCESS_NETWORK_STATE"/>
        </manifest>
    </android>
</ti:module>
